# Time, Avrg_int, SD, SE, Sum_int, Max_int
0.000000000000000000e+00,2.444513355255126953e+03,1.090838680616796410e+04,1.728531970201980130e+03,1.281629018000000000e+09,6.553500000000000000e+04
1.000000000000000000e+01,2.221540182113647461e+03,1.027674961300847826e+04,1.570866127450957720e+03,1.164726859000000000e+09,6.553500000000000000e+04
2.000000000000000000e+01,2.171086719512939453e+03,1.012720490781535045e+04,1.535190141911655246e+03,1.138274714000000000e+09,6.553500000000000000e+04
3.000000000000000000e+01,2.221540182113647461e+03,1.027674961300848008e+04,1.570866127450957720e+03,1.164726859000000000e+09,6.553500000000000000e+04
4.000000000000000000e+01,2.444513355255126953e+03,1.090838680616796410e+04,1.728531970201980130e+03,1.281629018000000000e+09,6.553500000000000000e+04
